stemmed_and_stopword_translated_text,neg,neu,pos,compound,sentiment_label
expensive ukt tapera debt broke silent majority ormas mes upright law oon silent majorhy diem majority ato miu dukn,0.238,0.762,0.0,-0.6486,negative
goodjkkandrewstjanbytw nudduh supportprebowo critique ukt h pj kracc relief selectingtheprewun,0.0,0.721,0.279,0.4767,positive
goodjkkandrewstjanstickcontext truthso tomake commandthatduetonotknowwise pointstampukukt buttainthe villain commandhiler ademintimes,0.31,0.69,0.0,-0.5574,negative
naisan motherkrolpolit verypolitic tapera ukt wapres pilkada returnto listenyes comeonthe spiritof protest,0.154,0.846,0.0,-0.25,negative
carienyuu kann demo student yesterday inoblos enjoy sono ukt lu naek gausa protest,0.123,0.679,0.198,0.296,positive
sulthoni ukt,0.0,1.0,0.0,0.0,neutral
mythicalforestcawecawe hispoliticaldistribution unrunin recordracorruption worklevelsofinfluencersgreat party dhrageather nurunin saggression mager,0.0,0.769,0.231,0.4019,positive
cwpoliticsivotehim shim visionofa careful mission relievemyhigh ortu pi en ice,0.0,0.849,0.151,0.1531,positive
cnni indonesia salary cut tapera inflation must nombok clu ukt ukmko transport alhamdulillah breath attached,0.13,0.87,0.0,-0.2732,negative
last day marshoda shut complaining salary cut country ecosystem deer country post photos backsound numbers,0.231,0.769,0.0,-0.4404,negative
originalsareexhausted extreme god fast fast semesterof collegesput moneyoutmyparentstonot payin college,0.0,0.811,0.189,0.2732,positive
ask sure college yes,0.0,0.286,0.714,0.6124,positive
awokyogeelthe uktcannot paywith lunch,0.0,1.0,0.0,0.0,neutral
carienyuu gappa utt expensive pay etc joget ok gas ok gas,0.101,0.58,0.319,0.4588,positive
select p p k licidud hooks ukt times amount students gone college tapera tube mounts home salary cuts,0.136,0.864,0.0,-0.296,negative
youngsteo mwu add ukt money,0.0,1.0,0.0,0.0,neutral
uns cancel ukt wvps anyy,0.333,0.667,0.0,-0.25,negative
carienyuu yahgaapa ukpat free lunch jogethouu okgas ok gas,0.0,0.56,0.44,0.6705,positive
collegemenfess pay ukt slesai remember age maximum locker nder ding slaughter gas,0.113,0.887,0.0,-0.1027,negative
tev n pe el gilir like gin ukt diem bae let young people buy house young man success miscarry social mobility powerful ukt diem die aki nini,0.112,0.63,0.258,0.6249,positive
sad pay,1.0,0.0,0.0,-0.5423,negative
sulthoni ukt gasoline appn fence dpr,0.0,1.0,0.0,0.0,neutral
falseukowicommand twtw dho vinivini rhanrizkyridho nlhiok,0.0,1.0,0.0,0.0,neutral
carienyuu stupid people ask dance eat tukukt,0.362,0.638,0.0,-0.5267,negative
session practice team debut diaspora country bamboo curtain sty please enter play strong diaspora economic cooperation toongkok project tapera subsidi ukt ukkl wpyv,0.0,0.714,0.286,0.7906,positive
hotchocov carienyuuu againsttheresponse president stillresponsives,0.0,1.0,0.0,0.0,neutral
partisocmed prabowopet ya tum memed jokei say smart ukt continue vote,0.0,0.787,0.213,0.4019,positive
imoimoo crubmble drunnn reiza patters muji news delays ukt kareem meets jonowi raises opinion tapera since uu president tried pp tapera,0.0,1.0,0.0,0.0,neutral
outofthestoryofzora ithinkmutualtoxics sendhatespik exactlyknow whenthemansacred forbiddenfrompaying pussssursin swheni mgone,0.0,1.0,0.0,0.0,neutral
sbmptnfuss remainuct semptnfessit justright receivedddfile,0.0,1.0,0.0,0.0,neutral
mandatory make decision obligatory make complaint big deal,0.232,0.632,0.137,-0.2263,negative
pay rent pay pay,0.808,0.192,0.0,-0.296,negative
imoimoocrubmble dunnnn reizapatters tem fakekkkluklukukukt ukukunt untok tukakakkan rutukukukukok punkukkan cartorkkan,0.0,1.0,0.0,0.0,neutral
jebbakakun ukt ugal,0.0,1.0,0.0,0.0,neutral
boominghaoitu like doesnotselect thejir atmoughhelloowww whenwe represerved peacesign nowcalltouct,0.0,0.762,0.238,0.3612,positive
curryyuuu wkwk udh ad said gin team relax lurrr ukt,0.0,0.756,0.244,0.4404,positive
draft child unpad ukt unpad already betewe,0.0,1.0,0.0,0.0,neutral
locker selects free max congratulation see free realization,0.0,0.323,0.677,0.8885,positive
rockershtty era jokeowi tuh nerusin program jokei kat tet tet tet tetera president,0.0,1.0,0.0,0.0,neutral
friend keeps bugging enemy salary nakes low ukt mehong keep gas ok,0.295,0.421,0.284,-0.0516,negative
katsurapki parents said inferior guy got rb,0.31,0.69,0.0,-0.4019,negative
boedidirchet mukidi atthefocus ukt tapera,0.0,1.0,0.0,0.0,neutral
ukt amp tapera weapons issue break,0.367,0.633,0.0,-0.4404,negative
late eating blog,0.0,1.0,0.0,0.0,neutral
pjyhepudent,0.0,1.0,0.0,0.0,neutral
thank god got partially used scholarship yesterday worst case scerario nauzubillah scholarship contact paid full,0.198,0.58,0.222,-0.128,negative
supports orders prabowo mas prabowo plus free lunch fence tutoring program,0.0,0.608,0.392,0.7003,positive
timettt lateeat tutu uktt expensive middleclasswk,0.0,1.0,0.0,0.0,neutral
canaskaboutmy brother alsoresponsible carmunyayathinksyes ortu payit ifahhhh hahahahahahahahahakakiru yes yes plorkya yes yes,0.0,0.455,0.545,0.8689,positive
alnessonandrewstjan yastjan yes alnessonandrewstjan yaakstjan alsa yet wella alestjan yes well well well wellpeople well well well well well well wellisup wellofa asthepeoplefor alukethepeople sss fontffff fontffff fontffff fontffff youd,0.0,0.439,0.561,0.9601,positive
chose ppn legitimate cak imin ukt prabowo go expensive pad,0.0,1.0,0.0,0.0,neutral
greatestshowup breakup setelqh frequentrealcomer spowerd coup selectable know,0.0,1.0,0.0,0.0,neutral
wkkkkwbusted riweuh ukt ehh wasattackedrecordra wkkkkkkwwwawdist,0.0,1.0,0.0,0.0,neutral
pay lot money college,0.318,0.682,0.0,-0.1027,negative
joget dlu kakt abis,0.0,1.0,0.0,0.0,neutral
real question able support strange wise response recordar ruu siar kaesang change age limit ukt expensive tax age prebowo narration power continues cont program,0.063,0.734,0.203,0.6124,positive
catbum zonevenomwar dpr bang cancel already uuukt technical uu,0.2,0.8,0.0,-0.25,negative
ness knows procedure pays ukt late semester script,0.0,1.0,0.0,0.0,neutral
ratihmt xquitavee pang pkkakakakari jogori like utukt kaluem go people protesting cancel football way safe example throwing rocks hide hands read vision tri mission president vision,0.186,0.544,0.269,0.4404,positive
starkitomicompactv ukt expensive sembaco cost tax tapera gd im ojo,0.0,1.0,0.0,0.0,neutral
idextratimebliblidotcomkick ukt,0.0,1.0,0.0,0.0,neutral
change president time joke,0.0,0.577,0.423,0.296,positive
cariyuuugetok gas ktittock letthepeoplebespire uktokgastok,0.0,1.0,0.0,0.0,neutral
want pay,0.519,0.0,0.481,-0.0258,neutral
take money pay semester salary,0.259,0.741,0.0,-0.1027,negative
cupcakeclub soobinzi dointimefaraway fromacunn reiza patters kak ukt delaying delay yes ukt,0.153,0.667,0.18,0.1027,positive
even think,0.0,1.0,0.0,0.0,neutral
let help friend,0.0,0.145,0.855,0.7096,positive
lulis dream paying ukt broken caprody read mou,0.279,0.541,0.18,-0.2732,negative
umawasbusythinking aboutrecordra uktuhhh knowsthesisterhashippedthe hammer olddayagepicture pillgub,0.0,1.0,0.0,0.0,neutral
hwana puki spirit om pay ukt,0.197,0.563,0.239,0.0772,positive
myfriend people ok yes yes yes yes thepeople yes yes yes yes yes yes yesterday newswhen yesterday,0.0,0.17,0.83,0.9781,positive
yes nowcandies hold thecontroversythatmydudepassesto getin tkipkkakkkakkkkakkkkkakt att kudududuktkkkkkkkkkkkkkkkkkkkkkkkkkkkkkt,0.0,0.722,0.278,0.4019,positive
annies polymic responsive college bump campus education itb lay issue borrowing online student pays single tuition,0.0,0.857,0.143,0.3612,positive
sbmptnfuss escaped snbt pick parents food moga easy oh god,0.0,0.615,0.385,0.6124,positive
tax program tapera went issue nettism flattened yes upss desperately see drakor dear life,0.138,0.582,0.28,0.4019,positive
draft apudium agustium hearing pay ukt semester,0.189,0.811,0.0,-0.1027,negative
cancel exchange free course benefits,0.202,0.202,0.596,0.5994,positive
tev n pe el failed expunging students via ukt rising tube tapera suffering people,0.368,0.632,0.0,-0.7506,negative
cnbcidonesyyeyaldulillah kipajonowi smg ukt ya pa uda patient get college okgas gas gas gas,0.0,1.0,0.0,0.0,neutral
ajiep sbmptnfuss ehh permit ask anjie p sbmptnfess yes yes yes katutu condition,0.0,0.526,0.474,0.7964,positive
studenthastotake lecture ipay herwell surrection insuranceforcorruption yetreceivedyes mypeoplehavetopay uktuktukt digholes,0.0,1.0,0.0,0.0,neutral
moga ukt support,0.0,0.426,0.574,0.4019,positive
frrykotochampourent notwith thepresidenthard,0.0,1.0,0.0,0.0,neutral
collegemenfass good trial sure result writing crevice cut let pay sem,0.223,0.446,0.331,0.4019,positive
try talking man going adore say issue money based ukt understands bash insist coming action party relevant understanding issue,0.0,0.73,0.27,0.743,positive
repost talk follow healthy money teaching real benefit ukmullyani college education tax free tax economy investment financial business money literiation iue ycvjpc,0.0,0.679,0.321,0.8402,positive
uns ukt ohlfibljz national tempo,0.0,1.0,0.0,0.0,neutral
polemics cost ukt state teacher expensive university muhammadiyah wantmere pay tuition result earth fruit banana seafish catch muprgiob,0.076,0.924,0.0,-0.1027,negative
zonevenomwar lives baton like president hard time,0.157,0.562,0.281,0.2732,positive
ugm fess try keep light ukt percentage semester well support document,0.0,0.652,0.348,0.5859,positive
ktiny paid lecture attz worried,0.355,0.645,0.0,-0.296,negative
erdy sr sami mawon mawon college student ga ukt,0.0,1.0,0.0,0.0,neutral
w gliller bgt layover ijo era layover krnn bzirr gapapa pay ukt doloeee tar rezeki boong bingo,0.085,0.915,0.0,-0.1027,negative
idextratime laughing pays ukt,0.0,0.484,0.516,0.4939,positive
tev n pe el ga direct gene z take stupid ya home urgent people ask open line work,0.177,0.729,0.094,-0.3818,negative
friend backed yesterday older brother already gone college paying attention,0.0,0.65,0.35,0.5106,positive
failed pass relevant script student loan issue ukt tempo,0.292,0.708,0.0,-0.5106,negative
opposite result ofmen drama ukt newsplayra vina amp amp focus peoplemissive target one dramasclose qkz team,0.0,1.0,0.0,0.0,neutral
think big birthday date think nice birthday think birthday,0.0,0.741,0.259,0.4215,positive
blackfurriez interests discussion cost ukt tapera,0.0,0.714,0.286,0.25,positive
age gap student age limit busy shouting,0.0,1.0,0.0,0.0,neutral
compass behind tapera ukt broke steady meennnnn,0.318,0.682,0.0,-0.4215,negative
exercising action demonstration state juni palace reject tapera rejects expensive krist ukt program opioy eym sound,0.291,0.64,0.069,-0.6705,negative
ramehudgestudystudy solution ukt go college needs tersier basickidsdied dekswhooncut lifeline mkk older brother shardbecausepeopleask,0.0,0.85,0.15,0.3182,positive
jpgs wonbinronda dad paid okt please,0.0,0.685,0.315,0.3182,positive
matter prebowo appointed president,0.0,0.732,0.268,0.0258,neutral
bike run,0.0,1.0,0.0,0.0,neutral
collegemenfess alhamdulill theni tthinkso ifreversereturntothe end payut cheap uktukt let sgo,0.0,1.0,0.0,0.0,neutral
dog tapera thinks people work old man sick lillits brother brother debt,0.367,0.633,0.0,-0.7003,negative
fess gaisntilight ukt script gottacut samn differentregaturely knotsorry yh,0.0,1.0,0.0,0.0,neutral
balance bank pay money buy money,0.219,0.781,0.0,-0.1027,negative
guess set gajetot bgt viral protest laiyo lawomg rk ceto bgt jergensine set desperate teapot kek hero kyk last canceled iuk iek duk least mng cancel sehhh smpe,0.186,0.708,0.106,-0.1779,negative
common practice,0.0,1.0,0.0,0.0,neutral
tax rose ukt funds tapera ruu pori siar fencing wake home long mister freeport contract etc wise news raiding,0.0,0.853,0.147,0.4767,positive
widassatyo trul maxi change sarapjotoupin ukt wowo gerat rightwoi changecontinue,0.0,1.0,0.0,0.0,neutral
may live drama love uukt tapera revision uu siar ruu pori kabul gugat change age future head gusmin try list juni let start,0.0,0.84,0.16,0.6369,positive
breaking news uns canceling utt yhyqttuwrm jtutcdfkz,0.0,1.0,0.0,0.0,neutral
way make fun choose paslon yesterday,0.0,0.602,0.398,0.5106,positive
ithankfullylivethecampusholdthesistence ofthefamily regulate studenthelpshelpmyworks semesterby chatin clear man,0.0,0.729,0.271,0.3818,positive
relax legislatesweets ukt set age minimum tapera handshake pbb tax dutch etc baakl ugal,0.0,0.818,0.182,0.4404,positive
pointman doesnotreturnto matkul pass alhamdulillahwistiful caro uktt,0.0,1.0,0.0,0.0,neutral
pass semester juni hearing let pay spirit music script,0.139,0.693,0.168,0.0772,positive
oh god,0.0,0.323,0.677,0.2732,positive
nanlarre paying ukt mention,0.0,1.0,0.0,0.0,neutral
jenneishaahuhuhu ranuhu ranjukan unukt prophetadam alhamdulillah havebeendone ok,0.0,0.761,0.239,0.296,positive
cool compass grand design hbs ukt tapera issue cover issue passing conditional conditional pill scroll issue set religious greeting cover ukt tapera corruption gold lead asshole,0.0,0.744,0.256,0.7845,positive
sane ashes student demo ukt bivitri teacher mukt,0.0,1.0,0.0,0.0,neutral
find something cover issue corruption fake lead really make religious disrepute,0.237,0.763,0.0,-0.4767,negative
mine corruption broke pancasil,0.483,0.517,0.0,-0.4215,negative
wow wise papa,0.0,0.127,0.873,0.7845,positive
wisdom ukt taperachat double community middle class ee ogmeq,0.0,0.702,0.298,0.5267,positive
sumitroyoel inflation bosses mess ken look news uk uk kukco wes esir cost education cheap cost living cheap,0.128,0.872,0.0,-0.3612,negative
university general soedirman unsoed broke canceling single college fee ukt candidate student exlgifqcm,0.189,0.811,0.0,-0.4215,negative
mind looking,0.0,1.0,0.0,0.0,neutral
colloseuum expensive funding kakt kakyanya seriously kak,0.221,0.779,0.0,-0.1779,negative
polemic state college ufuahqdnhc,0.0,1.0,0.0,0.0,neutral
vip expensive ukt w studio digs promoter,0.0,0.602,0.398,0.5106,positive
doctortifapure pki communieyou rebelonged amp paythe taxcutsupped uktuppinsubsidi croni,0.0,1.0,0.0,0.0,neutral
great archive joke ormas base student turn going think coup,0.0,0.559,0.441,0.743,positive
tev n pe el bumn corruption,0.0,1.0,0.0,0.0,neutral
hobby hobby hobby,0.0,1.0,0.0,0.0,neutral
excuse yesterday alternative ukt x cicil pencil uas paid consequences yes pay safe uas ya fear name appear teacher entry value,0.165,0.502,0.333,0.5719,positive
baizhoi ugm fess sorry mean get money sorry,0.302,0.698,0.0,-0.1531,negative
wonbinronda sungchanpov dad paid okt ya,0.0,1.0,0.0,0.0,neutral
andrewstjan cover dotcom point education raised debt capital,0.263,0.737,0.0,-0.3612,negative
one side graduation also cost semester,0.0,1.0,0.0,0.0,neutral
destroyed seed jonowi seeds crushed prebowo ukt police honestly sought police j nq b gff,0.316,0.526,0.158,-0.4588,negative
hohahahahahahahaaaa right topassugm opsystempopdodolmi chicken aelahhh,0.0,1.0,0.0,0.0,neutral
msaidduid unloadsuncharged hardto sue suprequired asthecostsofan expensivelast time butthelimendstofinitsto finish surreviewof whomightlifefirstbehard,0.0,1.0,0.0,0.0,neutral
escaped snbt select thank,0.0,0.545,0.455,0.3612,positive
wwkk teacher guktemang emang semester sachievable goji,0.0,1.0,0.0,0.0,neutral
andrew got dog uttt expensive taxes badly,0.341,0.659,0.0,-0.4767,negative
yongyea pay ukt microtransaction wmosu xn,0.219,0.781,0.0,-0.1027,negative
yyyyyy rms keepss payukt,0.0,1.0,0.0,0.0,neutral
ersmak tempodotco satisfied electric rice ukt tapera dll climbs wkwkw,0.0,0.763,0.237,0.4215,positive
mom graduated profession yeah expensive plus piro seko saiki,0.0,0.784,0.216,0.296,positive
think students need graduation let get sick obscenity gin college,0.268,0.732,0.0,-0.5106,negative
prabowo ukt attitude student ptn op qzea,0.0,1.0,0.0,0.0,neutral
command cancels rising ukt student relief ac dspu z,0.173,0.545,0.282,0.296,positive
go people university friends sabi area stopped kpaawxxixp,0.173,0.545,0.282,0.296,positive
msaid ukt arise tapera issue child pills evidence went ukt tapera cancel,0.154,0.846,0.0,-0.25,negative
thasissuffering zero age action pay wage back yesterday children children homelines got high goong ukt,0.091,0.909,0.0,-0.1027,negative
sure able pay,0.298,0.213,0.489,0.2263,positive
college man told hope price,0.0,0.58,0.42,0.4404,positive
country empty cash loads people filling lwt like yesterday sector rame ukt tapera bbml gas elpiji well spri mulyani salary causing human conscience see ri ppxcjnrzrn,0.061,0.782,0.156,0.4215,positive
geloracoworkersound ukt student playgame,0.0,1.0,0.0,0.0,neutral
ugm fess know ya valid lift jt daoat ukt high goong ukt low hit,0.131,0.75,0.119,-0.0516,negative
full bell straight ukt luxuriant,0.0,0.678,0.322,0.2263,positive
um fess yes um fes,0.0,0.597,0.403,0.4019,positive
know yesterday demo laughing,0.0,0.484,0.516,0.4939,positive
ukt ruu siar ruu tni ruu pollri tapera guys,0.0,1.0,0.0,0.0,neutral
cnni indonesia play ukt amp taperared futurechild pnk da cpe hsfqbt,0.0,0.806,0.194,0.34,positive
cover dotcom ukt tapera haji core funds ursdwrbzyov money loss,0.204,0.796,0.0,-0.3182,negative
told college facility bought clean machines way parking lot,0.0,0.748,0.252,0.4019,positive
work wdyt ortu sender cm pay ukt jt cost half day,0.114,0.732,0.154,0.128,positive
mean waiting men release hearing,0.0,1.0,0.0,0.0,neutral
president selects prabowo attitude ukt mahisis ptn prabowo ukt wtfffwj,0.0,1.0,0.0,0.0,neutral
messagestateresulted intentlybreakuppeople uktwatersubsidi discountd aged leadslong freeportexpireampirest ikn throwinjonowigo die,0.302,0.698,0.0,-0.5994,negative
stupidsbyudhoyono democratic parliament talks watch democratic parliamentary tv talk loud ukt tax bbm know fool,0.172,0.828,0.0,-0.4404,negative
ukt cost culprit protege upi sundonews education md nlbend capdg oagm,0.0,1.0,0.0,0.0,neutral
crowd ukt college upi bandung adem ayem student big check tuition corner lmrimh qps hxprhwxn nyu jki,0.0,1.0,0.0,0.0,neutral
unemployed paying rent,0.0,1.0,0.0,0.0,neutral
want stingy friends,0.371,0.0,0.629,0.2023,positive
collegemenfess like yesterday even know help get paid,0.0,0.536,0.464,0.6369,positive
ukt tapera end evaluation delay saw broken issue later changed age limit mega fiscality gold lead antam jonowi kspgoid dpr ri,0.221,0.779,0.0,-0.6597,negative
see pov positive concerns ruu siar ruri ruu tapera syl corbrut corrupt ukt,0.0,0.769,0.231,0.5574,positive
convomf okt private class ac subang cold times mountain foot,0.0,1.0,0.0,0.0,neutral
believe ukt national democracy greeting guys seen news adrenalism go believe legalization law go ump medidibud uu pt ukt ukt ukjak pn gto ux,0.0,0.898,0.102,0.3818,positive
inkmenfess expensive man,0.0,1.0,0.0,0.0,neutral
amorindou ukt ukt,0.0,1.0,0.0,0.0,neutral
light middle class wise class hirau scale priority,0.0,0.693,0.307,0.4767,positive
gbblgninfaedh see golong ukt,0.0,1.0,0.0,0.0,neutral
bubbleppong yis pay view ukt,0.259,0.741,0.0,-0.1027,negative
try crosschek failed,0.623,0.377,0.0,-0.5106,negative
venticoup trialya payinukt,0.0,1.0,0.0,0.0,neutral
dips detail counters change low get away,0.259,0.741,0.0,-0.2732,negative
bubbleppong aiaaii kidkpay ukt,0.0,1.0,0.0,0.0,neutral
xquitavee jonowi mypertaminaid attempt country brati money surplus search people funds raise taxes ukt create tapera bla bla,0.0,0.89,0.11,0.2732,positive
know wine level maximum life span candidate weird age wine,0.159,0.841,0.0,-0.1779,negative
wkwkwkwek kocakkkkok sayyou tableuktuniv,0.0,1.0,0.0,0.0,neutral
pay year rick shirt,0.318,0.682,0.0,-0.1027,negative
fool attempt students sense teacher country front fee gone,0.266,0.734,0.0,-0.4404,negative
ukt tapera obliged break th mk brother brother,0.0,1.0,0.0,0.0,neutral
brickwastaukt yes,0.0,0.27,0.73,0.4019,positive
college buddy big fan girlfriends elites friend money big fan lifestyle,0.0,0.506,0.494,0.7783,positive
thought war messed country missed mp ukt tapera amp yaqxahjm z,0.548,0.452,0.0,-0.8176,negative
troubleformsofhisyoungman sprecedents supremestrate uct ridethedupasshomingtuitionsof freefood,0.0,1.0,0.0,0.0,neutral
help city orders worth paying got million top,0.0,0.439,0.561,0.6597,positive
ukt ipb menfass annoying hope birthday dikagetin,0.255,0.472,0.274,0.0516,positive
napuamanda prebowo subianto supports strong proteges fertilization issue ukt step mirror vision tutored inclusive,0.0,0.585,0.415,0.7783,positive
wise napapanda prabowo subianto ukt real liver access educational bright step indonesia,0.0,0.625,0.375,0.7184,positive
paooapaoopay uktyaapaoo uktyaapaoo ya,0.0,1.0,0.0,0.0,neutral
ub uktgoal ifit sdeed aftera semester gonnagetalittlework stregular,0.0,1.0,0.0,0.0,neutral
customs style democrazymedia abacus model failed,0.398,0.602,0.0,-0.5106,negative
hestronaut intends pay children student ukt,0.219,0.781,0.0,-0.1027,negative
convomfgada money gada gada workright uktsmesteran regulatedbombhuuuaaa ah,0.0,1.0,0.0,0.0,neutral
insults regime orders campus order pride month goes,0.25,0.536,0.214,-0.1027,negative
animal function people representative dpr ri fact justeru favor proceeds go price tapera ukt bpjs u change age pig dpr amp free reality share ri,0.0,0.719,0.281,0.802,positive
ukt match goal dips,0.0,1.0,0.0,0.0,neutral
um fess directly meeting tkkdg k k k k k k kakt,0.0,1.0,0.0,0.0,neutral
cover dotcom mean anything gon na take lot money pay back tax list,0.104,0.896,0.0,-0.1027,negative
askrlfes simpent simpent templeststtstupresservesert rempentst referredtoremoved injureduestaltraured andalalllettspay butan account doesnotuntal accessreversed removed,0.0,1.0,0.0,0.0,neutral
metro tv jockeyi reasonable price please forgive getting age please understand,0.0,0.544,0.456,0.6908,positive
um dean fess aiming kipk mission,0.0,1.0,0.0,0.0,neutral
morning filltheearly friendfriends yes yes willbegood,0.0,0.426,0.574,0.6597,positive
duerl ukt expensive problematic isgratin yo ukt,0.326,0.674,0.0,-0.4404,negative
pasundhamzzoriginalwrassage uktbjir,0.0,1.0,0.0,0.0,neutral
richisfactory profit ukt osspect etc wait money,0.0,0.674,0.326,0.4404,positive
hang curved circle points brought bodoamatin ji sunbae yesterday yesterday,0.0,1.0,0.0,0.0,neutral
drakkxen please pay ukt,0.246,0.351,0.404,0.2263,positive
good expensive building bus,0.0,0.508,0.492,0.4404,positive
mr kyt brother tapera ukt smua issue issue ntkrlabui msyrkt bottom hammer age brother kaesang mncalonkan kpala area deception,0.139,0.861,0.0,-0.4404,negative
pay dog,0.583,0.417,0.0,-0.1027,negative
radioelshinta clear people lost day price corruption forced tapera maruk regime break law play quietly laughing joget dongo,0.2,0.491,0.309,0.4404,positive
dslight info ukt smt howsesendergivessmemortu hrus paycost umtbight,0.0,1.0,0.0,0.0,neutral
democrazymedia going set alarm charge cost electricity selling corruption execution law fair,0.163,0.68,0.156,-0.0258,neutral
richisfactory paid ukt,0.0,1.0,0.0,0.0,neutral
daxnyadown ukt advocare followedthemightywayaloneno,0.0,1.0,0.0,0.0,neutral
wonder corpri members hard time least help low aspirations,0.49,0.51,0.0,-0.5801,negative
epicentrum problem nation court corrupts gold mine,0.31,0.69,0.0,-0.4019,negative
xquitavee jonowi mypertaminaid gin mulu impact people sembako expensive bbm ukt expensive,0.0,1.0,0.0,0.0,neutral
anddhy laksono demo thousand thursday laborers jun gerrukuk palace jkt withdraw uu tapera slave party president said iqbal thrmsuk tung krist bpjs uukrenker ukt pzfwdyq fx,0.0,0.903,0.097,0.4019,positive
general sbmptnfess pass general large ukt,0.0,1.0,0.0,0.0,neutral
noabsen um fess naturally sceptic uncircumcision fund ukt stomach,0.2,0.8,0.0,-0.25,negative
cindetr gedein bit jt ukt,0.0,0.678,0.322,0.2263,positive
kegblgninfaedh gausah thinks noh tapera ukt revision age hook candidate head section etc,0.0,1.0,0.0,0.0,neutral
last night sound game loud supposed use aing bomb script wear end semester bothered demon plss cares,0.244,0.622,0.133,-0.3612,negative
ugm fess discusss viral ukt tapera etc,0.0,1.0,0.0,0.0,neutral
pngdinrkyteye bewarefocus uktamp taperapok poil severe content foil qdkcq hw,0.224,0.776,0.0,-0.3818,negative
iamprasprasetja btw ukt mapsi bomb change,0.39,0.61,0.0,-0.4939,negative
demo nepotism busy middle tape know talking,0.0,1.0,0.0,0.0,neutral
neighbor bought money mff pay money heavy,0.189,0.811,0.0,-0.1027,negative
gusyy yamgakan file ukt bomb fear stay,0.561,0.439,0.0,-0.7506,negative
amalmuziffar umuzaffar uktpret studentlevel smachange uh makiepthestar hotel wearingsarap backto envelopethebrain marimamdamdambuudri dikkankdu g,0.0,1.0,0.0,0.0,neutral
ifyoudon twatchtimes,0.0,1.0,0.0,0.0,neutral
invites girlfriend people license plates go ukt,0.0,1.0,0.0,0.0,neutral
students screaming takes people lives hard keep quiet,0.4,0.6,0.0,-0.4588,negative
convomf wkwkwkkk trung remember time maba na tellki bde ko tabe tabe frontna tabe lngngngsung call edd kk vat one costs uk snior tolo,0.0,0.902,0.098,0.3612,positive
collegemenfess sure parents long pay view,0.182,0.519,0.299,0.2263,positive
white sand facts roomy taxes ukt dpn electrical tapera add command positions constitution,0.0,1.0,0.0,0.0,neutral
college old school pride breaking like freak shame,0.403,0.268,0.329,-0.2732,negative
yes igirate tran ukt tapera etc etc uhhh nongoligi igirialyhonosrem kirah hiiks ga axbygpe,0.0,0.828,0.172,0.4019,positive
sahal cholilnafisifyoudon ttie youdon tfollowthe quranoftheprophet also mindyour guides,0.0,1.0,0.0,0.0,neutral
wididaba cnbci indonesia prebowo mkkkkukupin yak,0.0,1.0,0.0,0.0,neutral
zy zy sila pack go receive free lunch protest ukt tapera go write valid info kadrun join gan kadrun support,0.076,0.611,0.313,0.7351,positive
comparison college science school thinking ukt transum jam work due tax cut tapera thinking working overtime boss got beaten got fired,0.321,0.679,0.0,-0.8176,negative
mark order failed people tax tax malt malak employee tapera tube suffering people uhrxkeu fj,0.33,0.67,0.0,-0.7506,negative
sirrlfestoldthenepotisne iti danger chosensertsumnestestestimatethat snotthelight ofthecur ukt tapera discrising,0.298,0.702,0.0,-0.5267,negative
bem fhisip unram guard cancel ukt qoqbjxvjz,0.25,0.75,0.0,-0.25,negative
hashiromui indonesia worries literary curriculum brother qualified change matched zmn orba gk atw zmn voc zmn king atw create trends,0.122,0.786,0.092,-0.1779,negative
student malak command ukt malak tapera employee indonesia,0.0,1.0,0.0,0.0,neutral
kaleidoscope wiken ruu extreme wise end frog regime command ruu polkis ni siar ukt pending year tapera break gercep sblm install,0.0,0.866,0.134,0.4767,positive
narration tapera ukt ukm electric chest lost believes wisdom quiet road among fun people,0.115,0.55,0.335,0.6597,positive
outofuprespondentsupprise sufferable towork indonesianhonor semnor recordradispendent worksmoduetotheslowsamnors thismaaaah hoahahah hoah hoah,0.0,1.0,0.0,0.0,neutral
usugedebatyes ukkwkwkwkwkwkkkk blcidatlj,0.0,1.0,0.0,0.0,neutral
cabn sbmptnfessblomttttrial country ucthighestbusnetconnection ifsodos sapir umr,0.0,1.0,0.0,0.0,neutral
naz lira listyosigtip divhumas pori ahriesonta whose mind crossed children schools good pay college expensive ukt,0.077,0.765,0.158,0.3612,positive
convert cv balance service pay self test service pay pmb uny penmaptkin service pay bill service pay bill service pay bill via virtual account va compunking self contained chat wa bio wa yaa zoneang,0.194,0.806,0.0,-0.4588,negative
johancassells derymars kgblgnanunfaedh graduate newsof freeeatingsofschool ajhacomplentday kkkkkkkwkawkwakkakkakkakakakakkakakakkakak,0.0,1.0,0.0,0.0,neutral
xquitavee jonowi let demo workers kak ukt disbarred mukidi g hesitate fight lengserin sbm okt,0.281,0.719,0.0,-0.5719,negative
prabowo attitude ukt student ifjj fsu e,0.0,1.0,0.0,0.0,neutral
hotel college associate crazy,0.444,0.556,0.0,-0.34,negative
kikysa daughter duh people anies say time pxl pxl mk uu ukt tapera die instead talking nonsense,0.306,0.694,0.0,-0.765,negative
mosianek diegochuene lesi sing abishulumyo esibenza tunge ukt abelungu banenda nabo,0.0,1.0,0.0,0.0,neutral
yeastsemar tapera ukt issue expensive vina ruu siar issued close moment yes camouflage cover sister court,0.0,0.847,0.153,0.4019,positive
president bem intimidation friends scared teachers scared,0.585,0.204,0.211,-0.6705,negative
tan martheoperativelypayin ukt yaa snotuse shrizaljeemka hybrid jongdikit,0.0,1.0,0.0,0.0,neutral
andrewstjan see taxes even negative direction help country go,0.276,0.522,0.201,-0.25,negative
agusprasodjo xquitavee joewoli mypertaminaid stops suffering people ukt tapera bbm dkh yjsf j,0.32,0.68,0.0,-0.5719,negative
tanmm soundthe teacher ssound ukt nope,0.0,1.0,0.0,0.0,neutral
yes god kjmu liquid yes ifthesupposureofthestudent fails alreadypaythe food money uasprintal semester ukt dkijakarta sorry willhelp minsure,0.174,0.508,0.318,0.5267,positive
ukt tapera vina seundup hide agendas missed focus booommmm appears breaking child court uei,0.245,0.755,0.0,-0.4404,negative
kimberley p let talk dark days talking past,0.0,1.0,0.0,0.0,neutral
worksfess ukt extend smt tttp ganyampe jt si spp times hundred,0.0,0.714,0.286,0.3818,positive
yaniarsim ukt tapera attempt tapera issue pay paying mister handshake son bitch cut,0.422,0.578,0.0,-0.743,negative
jumianto rk denni sauya ppn ukt tapera country sucking people blood,0.0,1.0,0.0,0.0,neutral
god bsk reviewesessay uktpeople,0.0,0.588,0.412,0.2732,positive
richukticutherstangjem,0.0,1.0,0.0,0.0,neutral
sea current um fess btw kak pay ukt tuh yaa,0.135,0.865,0.0,-0.1027,negative
see arrange age limit go ukt brutal tapera,0.369,0.631,0.0,-0.6249,negative
kgblgninfaedh pantest salary jtp ukt goong,0.0,1.0,0.0,0.0,neutral
real dafa meini day khon,0.0,1.0,0.0,0.0,neutral
admissionfee jt tuition jt semester lecture remainsonlyyears weightn tneedthecost sit focusam think ukt,0.0,0.743,0.257,0.4215,positive
ukt smt waste,0.583,0.417,0.0,-0.4215,negative
sun rises limit easy lie,0.0,0.58,0.42,0.4404,positive
grandpa haircut pays ukt bang semester,0.0,1.0,0.0,0.0,neutral
panteslooking okt mrs,0.0,1.0,0.0,0.0,neutral
badcommen anju ismissing ig ig college sick dhdemocracy thepancasilasalacamp onlybethes ceremonial suckinguct,0.231,0.769,0.0,-0.5106,negative
drakxen passed pill got lace,0.0,1.0,0.0,0.0,neutral
fess number hearings pay,0.298,0.426,0.277,-0.0258,neutral
self reward handling admin pay ukt dll,0.139,0.495,0.366,0.5106,positive
collegemenfess wants pay late common dospen huhu moga chasing ga smt trial,0.113,0.887,0.0,-0.1027,negative
immediate reflection moral justification crowd relation ukt nvk r qyvm action,0.0,1.0,0.0,0.0,neutral
price vip paid semester gong,0.0,0.548,0.452,0.5106,positive
hamorable leonita viral like anighthero reject kaekang bananacannalon ketakter uctpreditionoffviral,0.205,0.606,0.189,-0.0516,negative
ukt chestk student transparency issue nw wwcjx,0.0,1.0,0.0,0.0,neutral
cheap psych escarpment,0.0,1.0,0.0,0.0,neutral
radioelshinta ball rioting girm garong robs sound pills robbing money ukt tapera adem bae brainpapakengusin ball,0.167,0.833,0.0,-0.4588,negative
ethadisasonjir sonancurini fail goldbelt tam tan indeed tobefree howtolead amoralhandle rich notpoor already,0.193,0.608,0.199,0.0258,neutral
cast sbusybuster sssilence silence silence silencesssuddenly thebassicbasicchildofthepredict forth prosident help brother shelpyou people speople idiot shelp,0.165,0.7,0.135,-0.1531,negative
since graduated much looking job looking money paying laptop,0.0,1.0,0.0,0.0,neutral
segyeongstar song hasyi pay ukt please go wxhkfn hro,0.131,0.654,0.215,0.2263,positive
az xflmvt serpensionfessneedsaperressit people sdependent afterpassing tonot pay ukt,0.149,0.851,0.0,-0.1027,negative
ukt stomach student loan support v xs xkc,0.0,0.69,0.31,0.4019,positive
collegemenfess pre congregation sempro pay semhas script hearing pay product graduation pay ukt smt street script pay,0.301,0.699,0.0,-0.3818,negative
ireeclaire kegblgnanfaedh dad reclaire gatgbgnunfaedh dad reassempleand commandfarefade upgraduate sthepointof thefuelprogram,0.0,1.0,0.0,0.0,neutral
advantageous delay world decaying national assets c mj hf vy,0.352,0.352,0.296,-0.2023,negative
collegemenfess udh entered rich ukt,0.0,0.526,0.474,0.5574,positive
helbyjorupsicardsthatpressnot clean landmalisreallybusive nusaresin ukt taperafreeport escaped huahauahahahahahahaha greatthing playfamily,0.0,0.769,0.231,0.4019,positive
fateofthe studentpreservedback payout uktrekarelim kimbjtjeomtribunnews,0.0,1.0,0.0,0.0,neutral
open send self test utul uktukt poltkes utk snbt spp form list pay graduation health tests via mbanking bni mp livin self bweased yaaah ui ui kamak ui unj unn veteran uny unsri ui itb unb unbraw private penmaba,0.036,0.964,0.0,-0.1027,negative
astraljongseongpayin uktkuyes,0.0,1.0,0.0,0.0,neutral
imyourgab bastordvn help mother know pay utt unsoed,0.139,0.594,0.267,0.3182,positive
main factoryes yes pocalypse yes bless atoneafterpayinga semesteralso,0.0,0.379,0.621,0.802,positive
commit commitment command problem solution went ukt utt college fees mister students f xhwnmkvg,0.144,0.479,0.378,0.5267,positive
warrlfesakwwwwwwwwwwww vemissedformoney ukthetbankwork minandwalllet butcan treback thelinktbountires hard whenskip simpen hahahaha,0.123,0.877,0.0,-0.1027,negative
white sand see mountain debt pays interest,0.238,0.476,0.286,0.128,positive
exit poll axis india aajtak ndi oth c voter abp nda ndia tdia dah india oh chanakya oda india others,0.0,1.0,0.0,0.0,neutral
please try plagiarize concept name owe ukt hehe,0.0,0.753,0.247,0.3182,positive
country cm highlight pay cut money weak,0.542,0.254,0.203,-0.4588,negative
compasscom halaaah preeeetttt nailtips people believe issue tapera covered geria yesterday issue closed,0.0,1.0,0.0,0.0,neutral
millithh open batch nom vision mission batch random world ub nom,0.0,0.833,0.167,0.25,positive
ubmsukmorganizations suitable avoidfomo imajoyfriendsjustdon tmiss college hahahahaha ukt,0.0,1.0,0.0,0.0,neutral
sentirely seriously yes yes go college yes,0.133,0.234,0.633,0.7506,positive
segyeongstar ham hwaram ukt please go pedodqdyr,0.0,0.723,0.277,0.3182,positive
kang kang kang kangang kangangangdo good good catangangangangangang good kangangangangdo basur,0.0,0.479,0.521,0.8271,positive
cm guys students uin jakarta udh pass free udh udh kah kak kaki igi ng sung judisium trial yes moon ya,0.0,0.76,0.24,0.7184,positive
like get honestly take care writing take care hopeless successful graduation august pay bills,0.162,0.258,0.579,0.9062,positive
said support education people know raise people school,0.0,0.722,0.278,0.4019,positive
ness schedule open ut ungsur ya,0.0,1.0,0.0,0.0,neutral
let pay,0.583,0.417,0.0,-0.1027,negative
public dumber thinks expensive taxing difficult facility takes lot gin,0.385,0.615,0.0,-0.6124,negative
actually going cell knowing price crazy pay set break factory knowing starting freak matter,0.376,0.562,0.062,-0.6808,negative
askrl unimed please utt cost difficult facility,0.255,0.51,0.235,-0.0516,negative
drakkxenrender ukt yagod,0.0,1.0,0.0,0.0,neutral
spare money come know registration date general even know going graduate,0.0,1.0,0.0,0.0,neutral
wise escort democrat cancels ukt bramantyo suwondo masbramantyo member dpr ri fraction damengocrat wflghf cq,0.106,0.722,0.172,0.296,positive
play schedule ukt tapera densus gold antam mk syl surli kpk vina cirebon etc sick bronri bright sonkapotancasila ijrq,0.134,0.65,0.215,0.25,positive
ask ukt tapera said country state crisis many people believe,0.313,0.687,0.0,-0.6249,negative
unsoedfass hangs judeium august done need pay ukt cmiiw,0.149,0.851,0.0,-0.1027,negative
love wife andrewstjan miserable end people rob ukt tapera,0.4,0.353,0.247,-0.3818,negative
dearestnanon uh met guy,0.0,1.0,0.0,0.0,neutral
andrewstjan finish rest weird dad talk freeport country people like rob ukt tapera,0.298,0.562,0.14,-0.4215,negative
kidpawk kohcanimulate ukt graduation,0.0,1.0,0.0,0.0,neutral
tvcoupsthinker pay uktbifep deadkoreanyes dyt,0.259,0.741,0.0,-0.1027,negative
tax tapera free press ruu healthy constitution compromised corrupted les corruption,0.0,0.6,0.4,0.7184,positive
frequentlyaskedthatboy graduation kip descendnot,0.0,1.0,0.0,0.0,neutral
eaannh chavesz yesrequiressthesilentpapua remensealcognition believe peoplehavelike ukt tapera hitumboc uumboc kka,0.0,1.0,0.0,0.0,neutral
random ken school pay ukt,0.259,0.741,0.0,-0.1027,negative
collegemenfess gaada perfect script nder gass congregation list instead paying ukt hikd,0.0,0.748,0.252,0.5719,positive
jumianto rk costs rice concussion bansos command nurunin homk sense electricity tapera ukt year neighboring country flood trillion investor apple microsoft investors dpd orders,0.0,1.0,0.0,0.0,neutral
healcom obsession x mit hook ukt university riau go mei institutions work social service programs around edge life go jalin,0.118,0.882,0.0,-0.34,negative
pns ababil gapapa min tapera cut thp child college ukt count total cuts,0.281,0.719,0.0,-0.5106,negative
soonsevenweekshavebeenmet sundaynight letthe spiritofwork acarelessstate withgjangdogsswise outupped tapera mwettt dcsmcylw mcylw,0.0,1.0,0.0,0.0,neutral
mightyroom alreadybought tukt tukukt ukt tukt,0.0,1.0,0.0,0.0,neutral
ernestpremonious plus ukt nullified owi ruu ni army sat civil handshake ruu pollri police sabotage authority deserves civil coalition road,0.15,0.793,0.057,-0.4767,negative
weekend still concerned education commodity says needs tersier matter poor people cry poor people go college,0.415,0.536,0.049,-0.8481,negative
exercising action demonstration state juni palace reject tapera rejects expensive crisukt program sound nfjntf lo,0.306,0.622,0.073,-0.6705,negative
making donation friend tell think help pay college graduation,0.105,0.451,0.444,0.6705,positive
note students archives scholarships scholarship dos go brave,0.0,0.673,0.327,0.5267,positive
avilehurt mmmm cannotpay ukt jt semester ingyeahtalkingnormal kgk aboutthefuluanwoeng anomaly,0.0,0.826,0.174,0.2263,positive
like demo,0.0,0.286,0.714,0.3612,positive
collegemenfess aamiin pls pay ukt fast track aka year roar,0.131,0.748,0.121,-0.0258,neutral
secondcom minority race disbanded worship forbids building church,0.219,0.571,0.21,-0.0258,neutral
friend college pledges court martialed evidence pay minimum amount money,0.111,0.635,0.254,0.4215,positive
tempodotco kakt pattern yesterday people slow bae plan,0.0,1.0,0.0,0.0,neutral
thanks wifi stope ui uas fine form alir dana ukt pay,0.099,0.567,0.333,0.5106,positive
um fess pas pay okta,0.259,0.741,0.0,-0.1027,negative
collegemenfass enjoy pas jobseeker thinking paying ukwkwkkwwwww,0.0,0.652,0.348,0.4939,positive
collegemenfess good team desperate pay ukt,0.385,0.312,0.302,0.0516,positive
hello sorry yaa naka um aju cicil ukt yaa,0.14,0.86,0.0,-0.0772,negative
kikysa daughteri info buzzer locker pays okt,0.0,1.0,0.0,0.0,neutral
department pays ukt hmmm,0.0,1.0,0.0,0.0,neutral
please make parents money useless pay,0.442,0.316,0.242,-0.2263,negative
maghrib seal sad purely pure taking semester working scientific research regular position ukt pay cont,0.257,0.743,0.0,-0.5423,negative
majajanjanyaafterpaid uktress retryingtofindaparttime yes nottogetthemonth,0.0,0.597,0.403,0.4019,positive
expensive ukt corruption gold lead etc tapera age limit pikkada unbuttons goods country tapera anymore,0.0,1.0,0.0,0.0,neutral
un medididibud mane signed aniesbasweand climbed ukt blog,0.0,1.0,0.0,0.0,neutral
kepo ukt ui crazy college,0.375,0.625,0.0,-0.34,negative
tired collecting photoscards,0.592,0.408,0.0,-0.4404,negative
let get serious art tomorrow teenagers reach art life sharing,0.107,0.574,0.32,0.3818,positive
meananwhile fak give attachment slip evidence payment ukt k,0.0,0.761,0.239,0.296,positive
bjirformaspiration ukt feb nantuntmin ig private trustsue yesterdayimao,0.0,1.0,0.0,0.0,neutral
forget news tapera indiscriminate canceled,0.322,0.678,0.0,-0.2263,negative
sterrynghtxthanks fo ukt jt jt oh goodness moneywakesterrible,0.0,0.424,0.576,0.7003,positive
mothboy versus pharmacist pharmaciescape facility notat uktbas millionthud college nextto toll anyway,0.0,1.0,0.0,0.0,neutral
unnesmenfessfhyes brou uhkekkekgan discussedthe matter notso student yes yes yes yes yes yes yet,0.0,0.288,0.712,0.936,positive
ukt relay controversy accessibility education indonesia bhvnpnzulz,0.0,1.0,0.0,0.0,neutral
caratkids chelastial ukt aj yet diem aj,0.0,1.0,0.0,0.0,neutral
get full scholarship graduation get name get top get high score pick one needs get,0.0,0.886,0.114,0.2023,positive
oh mypaying ukt,0.0,1.0,0.0,0.0,neutral
ukt ret controversy accessibility education indonesia qmufqicnv,0.0,1.0,0.0,0.0,neutral
pc kakt semster price,0.0,1.0,0.0,0.0,neutral
exercising action demo state palace reject tapera rejects expensive krist ukt program sound kr vxpc kr vxpccc,0.282,0.718,0.0,-0.7096,negative
followersghuwe sma takependgraderpsychologistdreamingyou untilthebloodendsin ugmuhlongrun getslowsofsteepspans,0.0,1.0,0.0,0.0,neutral
papipippum essence religious ormas community given really expensive project,0.0,1.0,0.0,0.0,neutral
sbyudhoyono broke ethics anything anything anything,0.359,0.641,0.0,-0.4215,negative
compasstv command failed malak student ukt try change stray employee tapera,0.248,0.752,0.0,-0.5106,negative
yes ukt tapera gold antam next,0.0,0.649,0.351,0.4019,positive
eating noh ukt college country range cost expensive science magnifier program remember much,0.0,1.0,0.0,0.0,neutral
indonesia got prank ukt tapera xsl vvr,0.0,1.0,0.0,0.0,neutral
airen shirt college college college school ukri ukt wektoh ndjadtwsn alothxlfe,0.0,1.0,0.0,0.0,neutral
cococrunchys superior accreditation free list costs free,0.0,0.284,0.716,0.8779,positive
ugm fess july pay ukt like july let wosuda agustus,0.118,0.672,0.21,0.2732,positive
wise makes sense study loan ukt broke tapera etc,0.217,0.543,0.24,0.0772,positive
work risahart jonowi ho oh story pay cut take underpaid lha kq good let people lend credit yesterday house forced tapera crazy,0.293,0.526,0.181,-0.34,negative
korean stripe tshirt campus shirt ukt college sw tw qm hgio zqrkdkigca,0.0,1.0,0.0,0.0,neutral
unybaseerr spirit rrrrr guilkgaapa gapapapapapa koa excitatethe spirit process ukt sem,0.0,0.726,0.274,0.34,positive
exercising action demonstration state juni palace reject tapera rejects expensive k zzksloff program,0.362,0.552,0.086,-0.6705,negative
busillah june god please kabulo suct,0.0,0.476,0.524,0.5267,positive
marimar auw lectures cheap compared price things pay tuition semester price chicken noodle bowls tua chicken noodle bowls,0.076,0.924,0.0,-0.1027,negative
mas icinggg vip paying ukt guaa semester include tax,0.0,0.708,0.292,0.5106,positive
gojishad ector problemic ukt money base,0.0,1.0,0.0,0.0,neutral
price rice increases price cooking oil price cooking oil incremented iur tapera,0.0,1.0,0.0,0.0,neutral
waccis ukt tapera okaygas,0.0,1.0,0.0,0.0,neutral
collegemenfess trial list juni junli timeline prodii moga pay ukt,0.135,0.865,0.0,-0.1027,negative
archifstudy paid ukt poltokes,0.0,1.0,0.0,0.0,neutral
aellastudy received polteses well paid ukt,0.0,0.704,0.296,0.2732,positive
already info installed student ukt dips g info,0.0,1.0,0.0,0.0,neutral
jogmfs masio throws opinion,0.0,1.0,0.0,0.0,neutral
royalegembox mohmahfudmd jogetin okgas silent noise okgas shame ukt corruption rajalela shake hostage mukibul family sought people work give bansos tapera suffering people,0.283,0.717,0.0,-0.7845,negative
cattenif late paycill ukt length notyes,0.0,1.0,0.0,0.0,neutral
jungwongitis tkek high ukt sasing,0.0,1.0,0.0,0.0,neutral
rjn zjuly dh finished august showing pamphlets pay ukt,0.149,0.851,0.0,-0.1027,negative
collegemenfess trial juni ukt keep paying,0.0,1.0,0.0,0.0,neutral
exercising action demo state palace reject tapera rejects expensive krist ukt program sound tapera helps home community consider burden potential loss ipbr gfph wl,0.339,0.581,0.08,-0.8176,negative
ugm fess type likes bolo lecture bolos ukt exteges ukt excess,0.0,0.781,0.219,0.4215,positive
havethi luvmifyworksfess plus ukt,0.0,1.0,0.0,0.0,neutral
bad mother position pregnant make bed lipet tres kick,0.304,0.696,0.0,-0.5423,negative
note ali drevachaniago ukt nai sleep student,0.0,1.0,0.0,0.0,neutral
slapped money ukt maxa tapera,0.0,1.0,0.0,0.0,neutral
ipb fess ukt vocita golong goong cicil rebox ukt goong ukt custom nominal,0.0,1.0,0.0,0.0,neutral
timeline mention revision uu pollri ukt,0.0,1.0,0.0,0.0,neutral
going told bring bekel,0.0,1.0,0.0,0.0,neutral
rjn z know much mean august last month pay august last month already paid text front text,0.085,0.915,0.0,-0.1027,negative
buta kapiryes enteringhell,0.0,1.0,0.0,0.0,neutral
yes moga uktreallydown,0.0,0.426,0.574,0.4019,positive
portal care ukt semester odd semester even salutations prosper care ukt present fellow welfare ipb kesmate link list ec aorzflp period juni juni axclkd zqb list,0.073,0.726,0.202,0.6249,positive
seethepeople sfamily diem justlikenottobeinjured,0.0,1.0,0.0,0.0,neutral
humanswholistedthesunweekssupposed trepirest gassedup theturnitincheck forcetill max dosadosbing payacukkjekdosbing acckkakwkkk,0.0,1.0,0.0,0.0,neutral
country state end period uh came taperas passwords,0.0,1.0,0.0,0.0,neutral
segyeongstar moon seungho pay ukt please go ns gg,0.118,0.504,0.378,0.4767,positive
sbmptnfess escaped snbt pill amp got low healthy ukt take care,0.131,0.5,0.369,0.5859,positive
segyeongstar jo haewon pay ukt please go mmaryfwtnm,0.144,0.619,0.237,0.2263,positive
see semester ukt costs undana ready tube qnefw pd,0.0,0.762,0.238,0.3612,positive
notulenjamet matter much pay looking friend,0.161,0.345,0.494,0.4404,positive
dukcapilddadamdelem alem ayem dupiddcapildaldadam alreadyaldem ayem alfut energy il il ton court ipg sorm digak,0.0,0.87,0.13,0.2732,positive
segyeongstar ji seokhoon pay ukt please go ftoxvz zdj,0.131,0.654,0.215,0.2263,positive
effect ukt youngyearstudent workslowlyworksundependent married punselvesof badconceivedcontator defaultandthe rice demospackure etc j nnl umvh nvh,0.0,1.0,0.0,0.0,neutral
questionrl livin jrg eror pay ukt college,0.189,0.811,0.0,-0.1027,negative
escaped snbt ukt jutsu million seventeen pro palestine,0.0,1.0,0.0,0.0,neutral
expensive go college,0.0,1.0,0.0,0.0,neutral
dxnldy convomf thinks dick pantes rich cocatot social sanction life olds people need pay study fee need primary,0.202,0.644,0.155,-0.0258,neutral
send va pay ukt nnqj ac,0.219,0.781,0.0,-0.1027,negative
sad see news indonesia forest people mean crazy people,0.44,0.56,0.0,-0.6705,negative
one forced court go semester old let pay dosbing acc,0.355,0.645,0.0,-0.5267,negative
undp ukt spi student base money line pxdnc coql,0.0,1.0,0.0,0.0,neutral
ready chicken bones making country poor take care debt,0.344,0.307,0.35,0.0258,neutral
education requires tersier iq stagnant evidence,0.0,1.0,0.0,0.0,neutral
myname prabowo propaganda ndons back garagedo florieliciouss kimberleys ps zy zy irarangrommi darekarendy bank joee people going political power baboons take evidence ukbert millions people loud voices medsos going ukt,0.065,0.935,0.0,-0.25,negative
morning sisterchat congratulate congratulation good goodboy looohhhhhhhhh,0.0,0.286,0.714,0.875,positive
collegemenfess mending gas returning pay script changing seleese world,0.149,0.851,0.0,-0.1027,negative
segyeongstar yoo miran pay ukt please go l jm pwgzm,0.131,0.654,0.215,0.2263,positive
collegemenfess finishedbysess easilydoting proudwork semplencturesgoodscriptionsfinished let slistthe trial letnot pay anymore,0.123,0.877,0.0,-0.1027,negative
vote nurunin ukt self reliance list already promised get goal sister go college get ukt goal dad retired according website option dropped college,0.0,0.898,0.102,0.3612,positive
even go college good gangster many demo students shake,0.147,0.603,0.25,0.296,positive
lix lee buset price race ukt lu,0.0,1.0,0.0,0.0,neutral
bismillahmogagetdown uktya god izxcxxfo ev,0.0,0.656,0.344,0.2732,positive
graduation like full card really college,0.0,0.667,0.333,0.3612,positive
collegemenfess gapaa nder pay ukt teaching material lgg hihi,0.149,0.851,0.0,-0.1027,negative
ukt tapera freeport jockeyi ok gas ok gas,0.0,0.577,0.423,0.5267,positive
anjayy burdenpay ukt ku typo yes bodnyquqbd,0.0,0.69,0.31,0.4019,positive
segyeongstar bae sejeong pay ukt please go hdkkkkguh,0.144,0.619,0.237,0.2263,positive
world believe next day loud critical issue tapera ukt gasoline,0.204,0.796,0.0,-0.3182,negative
segyeongstar ji doha pay ukt please go gevaoaazoh,0.144,0.619,0.237,0.2263,positive
fess taken lightly,0.0,1.0,0.0,0.0,neutral
ifanjir dirtdudedup butpaydudessssssalt payprice richthintheterm snotalready salready silent,0.0,1.0,0.0,0.0,neutral
anjir findmoney wheretopaythecost ukt,0.0,1.0,0.0,0.0,neutral
start qualification polling fee,0.0,1.0,0.0,0.0,neutral
sbyudhoyono countrysby restless iur tapera ukt set healthy bpjs revision uu tni etc,0.133,0.696,0.171,0.1531,positive
great ukt expensiveschool taruna bmkgcosfreezzatsxe,0.0,0.494,0.506,0.6249,positive
confused country anjir papua ukt tapera age limit,0.247,0.753,0.0,-0.3182,negative
collegemenfess strong pass tell even motivated spirit hehe,0.0,0.385,0.615,0.7906,positive
last time worked building small student middle scholarship,0.0,1.0,0.0,0.0,neutral
ardisatrian ukt tapera bansos service house lost gold entam jan ethes ken president silah addin,0.141,0.859,0.0,-0.3182,negative
boiling saw wisdom tapera plan go dzolim god dzolim,0.0,0.56,0.44,0.6705,positive
ukt nuk naek naek naek kak college lecture need terksier gbole pinter fight iy scared dpr lg kaw change age made jeonghani dinoi fun,0.185,0.705,0.111,-0.296,negative
english school andrewstjan free german school using ukt system,0.0,0.708,0.292,0.5106,positive
wattpadmenfess deserted mannder author needs money sugar oil worth money uttt cost money,0.0,0.863,0.137,0.2263,positive
ifyoudon tlikeme sindir ion casiumbones tofubusted ifyou tlikeme solet ionscalc know togetbusium ifyou iftimesoon ifsoon ifsoon ifsoon,0.0,1.0,0.0,0.0,neutral
gxblazt pays ukt,0.0,1.0,0.0,0.0,neutral
collegemenfess unethical please keep spirit motivated late graduation pay ukt msh dosbing salary snooty,0.227,0.435,0.338,0.3182,positive
let make noise ukt tapera ealahhh,0.0,1.0,0.0,0.0,neutral
abullmuzafhar expensivegmentspadinggatinghelp student ukt,0.0,1.0,0.0,0.0,neutral
starfess jtincludettax peh ktkuh h dingyicilpay ukt,0.0,1.0,0.0,0.0,neutral
prabowo ukt attitude student ptn kp hhq qwc,0.0,1.0,0.0,0.0,neutral
question bri bwt jack self pay ukt,0.189,0.811,0.0,-0.1027,negative
nakula boy rt busy thinking ukt,0.0,1.0,0.0,0.0,neutral
self reward labor pay ukt,0.173,0.37,0.457,0.5106,positive
ljnomine yesh kak really tired people opening eyes state mad,0.444,0.556,0.0,-0.7501,negative
prabowo subianto attitude ukt student ptn ufechqecu,0.0,1.0,0.0,0.0,neutral
tev n pe el style crowd functioning strongly set law ppn done bpjs done ukt fail tapera ppn,0.17,0.728,0.102,-0.34,negative
getting away hard,0.412,0.588,0.0,-0.1027,negative
commandfallsuppose trs tapera ifyou refaint ifyou regoingupthetaxstoppligate yes letthe capitalprescribe yesterday,0.0,0.787,0.213,0.4019,positive
simbok dharmi honor takestherecordra worldeatsfree seebasiki moeldoko bu sm news expensive bu sm duli sm duli student,0.0,0.833,0.167,0.4939,positive
ugm fess spirit yes nder moga good idea rame rame rame power nder let go ukt ugm issue run healthy parents assets nominal,0.0,0.606,0.394,0.8658,positive
nadtrium km slow rose ukt km,0.0,1.0,0.0,0.0,neutral
also got college students work pay college work first,0.149,0.851,0.0,-0.1027,negative
fact afraid students cm scared go back graduation age labor college program free destroy students,0.295,0.553,0.152,-0.4767,negative
willing pursue ptn let ukt cheap eh ukt talk yupien pls follow ljcrikhxo,0.0,0.902,0.098,0.0772,positive
collegemenfess graduations pay script test already incl ukt btw ak private,0.123,0.877,0.0,-0.1027,negative
pancakeflusj bill line snbp snbp tstep ukt,0.0,1.0,0.0,0.0,neutral
damn right necklace,0.574,0.426,0.0,-0.4019,negative
,,,,,neutral
mute talked muhammad lewis sakaton talk genocide,0.0,1.0,0.0,0.0,neutral
students paid dinner outside paid ukt,0.0,1.0,0.0,0.0,neutral
surprised get scholarship presidentship got rank,0.0,0.725,0.275,0.2263,positive
selffess ukt kyini howmyaspe jt,0.0,0.678,0.322,0.2263,positive
ukt main base costable,0.0,1.0,0.0,0.0,neutral
disrupt people ukt tapera student loan mine ormas break youngest son forward pilkada,0.0,1.0,0.0,0.0,neutral
e nunik cordova media demo ukt,0.0,1.0,0.0,0.0,neutral
collegemenfess uin free pay utt doang,0.161,0.46,0.379,0.4404,positive
different ukt spp mandatory student bcpjcuniw,0.0,0.794,0.206,0.0772,positive
jiminzgirl unnesmenfess cmn near pay okt,0.219,0.781,0.0,-0.1027,negative
unnesmenfess eh already light ot smt oddly,0.0,1.0,0.0,0.0,neutral
wewzer drunn nanarlfes enjoy moment ukt tapera ppn electric bbm etc,0.0,0.758,0.242,0.4939,positive
tham set batman using important orders poor people pass yes expensive ukt burden tapera,0.293,0.488,0.22,-0.3612,negative
free collegemenfess paid graduation get toga year ago toga buy college loan pay,0.089,0.701,0.21,0.4404,positive
ness refuse pay safe pay high goals,0.459,0.275,0.266,-0.0258,neutral
let sdo pay oktunjainscription dropoffan account yach boleecheckpackspackspackpassspass sure sent setsupwimiah stop ychhzonezonezonezonebu,0.226,0.629,0.145,-0.0772,negative
geloraco ukt tapera,0.0,1.0,0.0,0.0,neutral
ukt yaa,0.0,1.0,0.0,0.0,neutral
sbmptnfess escaped snbt pill daful smooth ukt according capable full nadzar,0.0,0.794,0.206,0.3818,positive
ernestpremonious thank ukt tapera ton gold eh know escaped age limit cawagub,0.0,0.815,0.185,0.3612,positive
believe um gon na pay students use earth produce clearly chancellor paid okt money via seconds edu ugbanb,0.07,0.796,0.134,0.3182,positive
fun see demo ukt core,0.0,0.548,0.452,0.5106,positive
expensive go college practice plagiarism based education nation best interest,0.0,0.526,0.474,0.802,positive
ardisatrian ojol partner mam mister ukt,0.0,1.0,0.0,0.0,neutral
sbmptnfuss semptnoss stnfass aj gacape,0.0,1.0,0.0,0.0,neutral
hard nurunin turnitin nurunin ukt college indo,0.189,0.811,0.0,-0.1027,negative
slapa friendnotoveryes controlra ukt wisedeak,0.0,1.0,0.0,0.0,neutral
driver geloraco shoot right real bozz apocalyptic evidence driver hero ukt,0.37,0.435,0.196,-0.4939,negative
ukt mbokya printilan printilan lecture free executionoffiltualmoneysappro semhas etc,0.0,0.708,0.292,0.5106,positive
jt kakt mending dp home ga si,0.0,0.759,0.241,0.2263,positive
surrounding office prabowo imbas cost complete ukt yq omn counterhoax turnbackhoax mafindo,0.0,1.0,0.0,0.0,neutral
usu surround office prabowo imbas big ukt upload video account youtube claim university student sumatra north ejkwvyjywj,0.0,1.0,0.0,0.0,neutral
friends let regime roll roll amp goes brrr,0.0,0.693,0.307,0.4767,positive
hold right ukt k lwuf nza,0.0,1.0,0.0,0.0,neutral
gang neighbor whispers hard explain program free lunch program,0.12,0.598,0.282,0.4404,positive
jangsuman toukt gt gasih,0.0,0.588,0.412,0.2732,positive
tempodotco weak student focus weak utt ut labor focus breaking high court understands pole labor student,0.293,0.707,0.0,-0.7003,negative
student neohistoria id currently busy demoting crazy ukt,0.255,0.745,0.0,-0.34,negative
gardododo florieliciouss myname across country mirvandarwin kimberley ps yusufagro xquitavee effendisary uki nagih promise makes hard people cut tapera haji use animal life,0.136,0.775,0.089,-0.0516,negative
weak studentoverfocus focusedup uktweak laborer focusreraterend extended extreme high court understandsthestudentsof labor,0.209,0.791,0.0,-0.4404,negative
minimum goal ukt,0.0,1.0,0.0,0.0,neutral
timing triggers make fuss like unlikely rioting elite streets elite issue,0.0,0.8,0.2,0.3612,positive
fhisip neveralonely tapera ukt fox break age pilkada losss boss except ukt pending doak,0.0,1.0,0.0,0.0,neutral
reallywhosaid laptop damaged driedfrom jrrr lookslikeskskskskskskskkkkkkkkkkkkkkkkkok sah sah yest well shh udh,0.193,0.667,0.14,-0.2023,negative
came home yesterday solo saying pay date super duper common month limit inches week says ya yaudah pay veh pdahl fear yelled,0.215,0.645,0.14,-0.0258,neutral
yradianto find commissioner grandson condition try worry depdikbud schoolboy sd smp kramp commissioner bumn kren love wind ukt delay,0.205,0.63,0.165,0.0,neutral
dips info parttimealwarmansing nothelp payout semester,0.0,1.0,0.0,0.0,neutral
student pay well thing class aowwokwo sane person,0.147,0.632,0.221,0.1779,positive
hi phantiraq beloved mutual help group pay ut kidding help reply mail thanks helping,0.059,0.297,0.644,0.9153,positive
fessy kids rich fissip kids vocal issue wae faculty losing,0.183,0.563,0.254,0.25,positive
uktunpadstyles snbp suchastheheaven unlessfisip quitemillion,0.0,1.0,0.0,0.0,neutral
pay earth produce ukt muhammadiyah university wantmere pecil tfhfoj g jfhywot pd,0.123,0.877,0.0,-0.1027,negative
ernestpremoniously exhausted ukt deal legal age narration tapera escapes precious tin metal steady pecqh split projo parpol kayak,0.108,0.603,0.289,0.4939,positive
ruu siar tapera ruu pol ruu tni issue papua ormas religion ampanganganganukt uktup gratitude cancellatana pmtungcan fencing crucial post free change age head red section times let go ok opo maneh ki,0.0,0.767,0.233,0.8316,positive
arisatariwanto change set uu tni uu uu polri tapera ukt gas contentsofcorruption goldtt tax subsidi prate,0.0,1.0,0.0,0.0,neutral
um fess maba yes,0.0,0.526,0.474,0.4019,positive
many dates,0.0,1.0,0.0,0.0,neutral
sbmptnfess escaped snbt chose low target scholarship,0.259,0.741,0.0,-0.2732,negative
sbmptnfess goes college pass snbt ukt select univ accepts,0.0,0.777,0.223,0.3182,positive
amn tmn pressfocus ruu siar workfocuss tapera studentfocus ukt,0.0,1.0,0.0,0.0,neutral
receivedpts ptstake kkipk ptspayk kipkkakkakukk uktp pps,0.0,1.0,0.0,0.0,neutral
kgblgnunfaedh howyathinksthe middlegoong ingraduate familygraduate unfaedh whatdoyouthink themiddlegoaldultigated itfeed quitea drag,0.16,0.84,0.0,-0.2263,negative
tanmwasdead omp costan expensivelife,0.0,1.0,0.0,0.0,neutral
comesup bptapeera sthenew news disbanded suri gatigati gatigatigatigall soulsabritaxup percentuuukt ohh greattimeyou shake,0.124,0.876,0.0,-0.1779,negative
get goal son tired,0.492,0.508,0.0,-0.4404,negative
nopapapapat ukt get away snbt udh tired self teaching,0.266,0.734,0.0,-0.4404,negative
elpoghu compasstv pays interest debt using us dollar cursing press psychological level automatically byr swollen debt interest due push bankrupt amps needs fresh money urgent lack debt kcjb emerges ukt ukt tapera,0.288,0.495,0.217,-0.5106,negative
ernestpremonster labor busy tapera students keep ukt eh know changing matter head area wkwkwwwkwkwkk,0.0,0.922,0.078,0.0258,neutral
exttra god permit escape snbt ukt light smooth mind upbringing,0.0,0.678,0.322,0.4215,positive
weve sleeping times questioning ol,0.259,0.741,0.0,-0.1027,negative
compcom impressions ukt taxes protest raised tax score orders fools know yes answer,0.277,0.479,0.245,-0.1531,negative
henrysubiakto brani owes pay people forced pay ukt tapera withdraw gas subsidy pln pay debt ux nrjyffff,0.447,0.553,0.0,-0.7717,negative
anvie neohistoria id tried support yesterday protested busy tell shut yesterday,0.114,0.682,0.205,0.296,positive
ch chotimah ukt dinas tapera menra program mister handshake wise pro people choose motion choke body,0.17,0.68,0.15,-0.1027,negative
compass meant hang debt,0.455,0.545,0.0,-0.3612,negative
dips mam mba bem temn understands free play ukt congregation scripts like july wait free,0.0,0.489,0.511,0.8885,positive
friend students taught get used parents business,0.0,0.652,0.348,0.4939,positive
notcalltoseethe allocationdatambkkm issue nextukt try analyze problem helpmoneygetawaykip,0.278,0.722,0.0,-0.4019,negative
crowd hangs compass cares tax people raised forced taper,0.231,0.538,0.231,0.0,neutral
middle issues rise cost univ quality ukt,0.0,1.0,0.0,0.0,neutral
collegemenfuss bismillah semester pay okt,0.259,0.741,0.0,-0.1027,negative
yes brakesyou uktboughtbass duetoyou caperclassumemg understand samjijiwahh bajiji baughh,0.0,0.748,0.252,0.4019,positive
really ukt tapera bpjs mas,0.0,1.0,0.0,0.0,neutral
spin suju ss price gile bgt kuk ukt,0.0,1.0,0.0,0.0,neutral
noyexol cost money,0.0,1.0,0.0,0.0,neutral
ernestpremonster busystudentup ukt,0.0,1.0,0.0,0.0,neutral
core nullification commercialized desire proteges donating price tag goods,0.0,0.748,0.252,0.4019,positive
parents tapera tapera son rame ukt smooth road family dynasty,0.0,1.0,0.0,0.0,neutral
stupid bangstuju youcanbombout ukt naek ni udhdak peoplespayawise taperaalrmjn cmw tapera treach command people,0.207,0.793,0.0,-0.5267,negative
want bear orauna neohistoria id mhsw attacked dizziness pays focus criticism community aspirations,0.343,0.581,0.076,-0.6808,negative
wise jokeri cm ken na na joeowi according value pancasila omnibus law freeport tapera permissions hgu im commercialized student accordance pancasila value think cm limit,0.0,0.736,0.264,0.7845,positive
ugm fess univ atm protege amrik ukt student loan repressive student demo action,0.167,0.833,0.0,-0.34,negative
think worth lot money ticket,0.0,0.678,0.322,0.2263,positive
glotttusee hello gladisssss ukt prophetadam disturbeds bodyyes,0.0,1.0,0.0,0.0,neutral
inti si wowo lintik rame preparatory jakarta da stay anies power zolim work unsedicted,0.0,1.0,0.0,0.0,neutral
hmuhlong muchukt,0.0,1.0,0.0,0.0,neutral
scared sp got away afraid expensive ukt,0.326,0.674,0.0,-0.4404,negative
flying taxi cab noh ukt fly aalbnblm,0.0,1.0,0.0,0.0,neutral
yes minimum yes,0.0,0.156,0.844,0.6597,positive
standuptheprice ukt butirespectresidentugm facefacefacechatthe demo student,0.0,1.0,0.0,0.0,neutral
english hard orders know right opinion academia teacher lost ssma ticktok entered teacher hard get salary teacher equal smart tell life,0.206,0.685,0.109,-0.1027,negative
people fund gatherement compasses selling tax increases cost haji tapera manage country finished,0.0,1.0,0.0,0.0,neutral
compass country poorer taking care interest fractions debt falling moment panic,0.469,0.237,0.294,-0.4019,negative
mochareta dyananest jjajengnaa collegemenfass cost kisar practice semester cost private entrance plans,0.0,1.0,0.0,0.0,neutral
confused ask many times sick tired court,0.68,0.32,0.0,-0.8176,negative
drelaxandra ifyouchangethem peopleyes modellike tapera ukt,0.0,1.0,0.0,0.0,neutral
sbmptnfess detuplicated gap year gt graduated snbt snbt take care daful file okt ga heavy ortu gt easy take care aamiin aamiin godumma amiin,0.0,0.585,0.415,0.91,positive
yurissa samosir sanamvelcro choymarkochoy kang kang toniee mustafagus nohceukenohhh daughter adedhani chaidar ay pratung ukt came tapera,0.0,1.0,0.0,0.0,neutral
rame polymic iur obligatory tapera whose salary restless conditions require price rate rice tres utt salary side cut please,0.187,0.711,0.102,-0.2263,negative
mr ugm forced student tent break student tent protesting ukt college building unloading students camp camp house ugm demand remove ukfxlwm wimoa ybxl,0.267,0.733,0.0,-0.743,negative
itbfess speaking paid,0.0,1.0,0.0,0.0,neutral
ugm fess mushroom bread superior,0.0,0.533,0.467,0.5423,positive
uktnotpremit relieve bbcnewsindonesia vfvuqyk j krpfwfiat,0.0,0.615,0.385,0.3612,positive
dannkwartocomeoutbecauseit sdirty letmastforceout ofstrigger foughtthanfocustofomra pocalypt tincanmine ormas pilkada gulsu sara solution,0.0,0.827,0.173,0.3182,positive
